ID,Module,Contrôle,Portée,Comment vérifier,Critère de réussite,Sévérité,Bloquant
C01,Q1,Recalcul indépendant des chiffres porteurs,Tout livrable chiffré,"Reprendre chaque chiffre mis de l'avant et le recalculer à partir des données d'entrée sans réutiliser la feuille de calcul d'origine","Chaque chiffre porteur est reproduit à l'unité de présentation près",BLOQUANT,OUI
C02,Q1,Somme des composantes égale au total,Tout tableau,"Additionner les composantes de chaque total présenté","Aucun écart non expliqué entre un total et la somme de ses composantes",BLOQUANT,OUI
C03,Q1,Équilibre du tableau Sources et Emplois,Montage financier,"Comparer la somme des sources et la somme des emplois","Écart nul",BLOQUANT,OUI
C04,Q1,Cohérence d'un même chiffre entre tous les documents,Dossier complet,"Repérer chaque occurrence d'un même chiffre dans la note, les annexes, le sommaire et la présentation","Une seule valeur par donnée dans l'ensemble du dossier",BLOQUANT,OUI
C05,Q1,Unités périodes et échelles,Tout livrable chiffré,"Vérifier que les montants en milliers sont identifiés, que les pourcentages ont une base explicite et que les exercices comparés sont de même durée","Chaque chiffre porte son unité, sa base et sa période",MAJEUR,OUI
C06,Q1,Précision cohérente avec la source,Tout livrable chiffré,"Comparer le nombre de décimales présentées avec la précision réelle de la donnée d'entrée","Aucun faux précis: la précision affichée n'excède jamais celle de la source",MINEUR,NON
C07,Q1,Revalidation après modification tardive,Tout livrable modifié après contrôle,"Comparer la version contrôlée et la version à remettre","Toute modification postérieure au contrôle a fait l'objet d'un nouveau contrôle",BLOQUANT,OUI
C08,Q1,Cohérence du ratio de couverture avec la tarification finale,Dossier de financement,"Recalculer le ratio de couverture avec le taux, le terme et le congé de capital effectivement recommandés","Le ratio présenté correspond à la tarification recommandée et non à une version antérieure",BLOQUANT,OUI
C09,Q2,Patron de nommage du fichier,Tout livrable remis,"Comparer le nom du fichier au patron prévu pour son type dans nomenclature.csv","Le nom respecte le patron, incluant la date et la version",MAJEUR,OUI
C10,Q2,Exactitude de la raison sociale,Tout livrable,"Comparer la raison sociale utilisée avec l'inscription au registre des entreprises","Raison sociale exacte et identique partout dans le dossier",MAJEUR,OUI
C11,Q2,Acronymes développés à la première occurrence,Tout livrable,"Repérer chaque acronyme et vérifier sa première occurrence","Chaque acronyme est développé une fois, puis utilisé de façon constante",MINEUR,NON
C12,Q2,Format uniforme des dates montants et pourcentages,Tout livrable,"Balayer le document pour repérer les formats concurrents","Un seul format par type de donnée dans l'ensemble du document",MINEUR,NON
C13,Q2,Identification de la version finale,Tout livrable remis,"Vérifier l'indice de version et l'absence d'ambiguïté avec les brouillons","La version remise est identifiable sans équivoque",MAJEUR,OUI
C14,Q2,Absence de mentions de travail résiduelles,Tout livrable remis,"Rechercher les marques de commentaire, les surlignages, les mentions provisoires et les champs à compléter","Aucune trace de travail en cours dans la version remise",BLOQUANT,OUI
C15,Q3,Rattachement de chaque chiffre à une source,Tout livrable chiffré,"Extraire les chiffres du livrable et associer chacun à sa pièce et à sa date","Aucun chiffre orphelin",BLOQUANT,OUI
C16,Q3,Qualification du niveau de la source,Tout livrable chiffré,"Classer chaque source: audité, examen, avis au lecteur, interne, déclaré par le promoteur, estimé","Le niveau est déclaré pour chaque source et le livrable ne présente pas un chiffre déclaré comme s'il était vérifié",BLOQUANT,OUI
C17,Q3,Millésime des données externes,Données sectorielles et territoriales,"Vérifier la présence de la date de référence de chaque donnée externe","Chaque donnée externe porte son millésime",MAJEUR,OUI
C18,Q3,Paramètres de politique tirés du document en vigueur,Dossier de financement,"Comparer chaque paramètre utilisé avec parametres-politique.csv et son statut","Aucun paramètre au statut A_VALIDER n'alimente un chiffre présenté sans signalement explicite",BLOQUANT,OUI
C19,Q3,Confirmation écrite des aides inscrites au montage,Montage financier,"Vérifier la pièce confirmant chaque subvention ou aide inscrite au scénario de base","Toute aide au scénario de base est confirmée par écrit; les autres apparaissent en scénario seulement",BLOQUANT,OUI
C20,Q3,Traçabilité des hypothèses du prévisionnel,Prévisionnel financier,"Vérifier que chaque hypothèse de croissance, de marge et de délai est justifiée et confrontée à l'historique","Chaque hypothèse porte sa justification et sa source",MAJEUR,OUI
C21,Q4,Contrôles amont consignés,Tout livrable remis,"Vérifier la présence des registres de Q1, Q2 et Q3 pour la version remise","Les trois registres existent et portent sur la bonne version",BLOQUANT,OUI
C22,Q4,Présence des annexes annoncées,Tout livrable,"Comparer les annexes citées dans le texte et les annexes réellement jointes","Toute annexe citée est jointe et toute annexe jointe est citée",MAJEUR,OUI
C23,Q4,Verdict explicite et en tête,Note recommandation sommaire,"Lire la première section du livrable","La recommandation ou le verdict apparaît dans les premières lignes, avec le montant et les conditions principales",BLOQUANT,OUI
C24,Q4,Conditions formulées de façon vérifiable,Dossier de financement,"Relire chaque condition et se demander qui constate sa réalisation, avec quelle pièce et à quelle date","Chaque condition nomme la pièce attendue et le moment de sa vérification",BLOQUANT,OUI
C25,Q4,Conformité et dérogations documentées,Dossier de financement,"Vérifier la grille de conformité de P3 et la trace écrite de toute dérogation demandée","Aucune dérogation implicite: chaque écart à la politique est nommé et motivé",BLOQUANT,OUI
C26,Q4,Rendu conforme au canal de diffusion,Tout livrable,"Ouvrir le livrable dans les conditions réelles de diffusion: projection, impression, lecture mobile, envoi externe","Le livrable demeure lisible et complet dans son canal de diffusion",MAJEUR,OUI
C27,Q4,Statut de sortie rendu,Tout livrable remis,"Consigner le statut: prêt, prêt sous réserve, bloqué","Un statut est rendu et daté; aucun livrable ne part sans statut",BLOQUANT,OUI
C28,Q4,Destinataire et usage prévu confirmés,Tout livrable remis,"Confirmer à qui le livrable est destiné et quel usage en sera fait","Le niveau de détail et les restrictions d'usage correspondent au destinataire",MAJEUR,OUI
