ID,Domaine,Module,Objectif,Déclencheurs,Entrées,Méthode,Sorties,Amont,Aval,Gate QA,Pièges
F1,01-FINANCEMENT,analyse-financiere,"Établir le portrait financier réel de l'entreprise sur 3 exercices et dégager la trajectoire, la structure et les signaux d'alerte avant toute recommandation.","analyse financière; états financiers; bilan; résultats; ratios; santé financière; portrait financier; lecture des EF","États financiers 3 exercices (mission d'examen ou audit de préférence); balance de vérification récente; états intérimaires; liste de l'âge des comptes clients et fournisseurs; conventions entre actionnaires; contrats de dette existants","1. Qualifier la source (audit / examen / avis au lecteur / interne) et noter le niveau d'assurance | 2. Reconstituer les 3 exercices en colonnes comparables et retraiter les changements de méthode | 3. Calculer les ratios de liquidité, structure, rentabilité et cycle d'exploitation | 4. Analyser la tendance et non le point (variation en $ et en %) | 5. Décomposer la marge brute et les charges fixes vs variables | 6. Rapprocher le bénéfice net et l'encaisse (conversion du bénéfice en trésorerie) | 7. Lever les drapeaux rouges et formuler les questions au promoteur","Tableau des 3 exercices retraités; grille de ratios avec repères sectoriels; liste des signaux d'alerte cotés; questions ouvertes au promoteur","","F3;F4;E1;R2","Q1;Q3","Comparer des exercices de durée inégale; utiliser le BAIIA non normalisé comme mesure de performance; confondre bénéfice et liquidité; ignorer les avances d'actionnaires et les soldes de prix de vente"
F2,01-FINANCEMENT,montage-financier,"Structurer le tour de financement complet du projet: coût total, sources, rangs de sûretés et effet de levier, de façon bancable et conforme aux politiques.","montage financier; structure de financement; tour de financement; coût de projet; sources et emplois; mise de fonds; effet de levier","Coût de projet ventilé et documenté (soumissions, offres d'achat, devis); mise de fonds disponible et sa provenance; lettres d'intérêt des prêteurs; programmes et subventions visés; garanties disponibles","1. Établir le tableau Sources et Emplois qui balance au dollar près | 2. Valider chaque poste du coût de projet par une pièce (soumission, contrat, évaluation) | 3. Vérifier la mise de fonds minimale exigée et sa nature (comptant, apport en nature, subvention, bilan de départ) | 4. Attribuer chaque source à son rang de sûreté et éviter les conflits de rang | 5. Tester l'effet de levier: dette totale / BAIIA normalisé et dette / avoir | 6. Réserver un fonds de roulement et une contingence explicites | 7. Séquencer les décaissements selon l'avancement du projet","Tableau Sources et Emplois balancé; structure de sûretés par rang; échéancier de décaissement; conditions inter-prêteurs à négocier","F1;P1","F3;P2;P3;P4","Q1;Q3","Sources et emplois qui ne balancent pas; contingence absente; fonds de roulement de démarrage oublié; subvention comptabilisée avant confirmation écrite; double comptage d'une même garantie"
F3,01-FINANCEMENT,capacite-remboursement,"Démontrer par les flux de trésorerie que l'entreprise peut servir la dette projetée, et mesurer la marge de sécurité avant défaut.","capacité de remboursement; service de la dette; RCD; couverture; flux de trésorerie; stress test; sensibilité; seuil de rupture","Prévisionnel de trésorerie mensuel sur 12 à 24 mois; états prévisionnels 2 à 3 ans avec hypothèses; échéanciers de toutes les dettes existantes et projetées; retraits prévus des actionnaires; investissements de maintien","1. Reconstituer le flux de trésorerie disponible au service de la dette (BAIIA normalisé moins impôts moins investissements de maintien moins variation du fonds de roulement) | 2. Additionner le service total de la dette (capital et intérêts, toutes sources, incluant crédit-bail) | 3. Calculer le ratio de couverture du service de la dette par exercice | 4. Appliquer les scénarios: base, prudent, stress | 5. Calculer le seuil de rupture (baisse de revenus ou de marge qui amène le ratio à 1,00) | 6. Vérifier la trésorerie plancher mensuelle et le besoin de marge de crédit | 7. Conclure sur le terme, l'amortissement et le congé de capital requis","Ratio de couverture par exercice et par scénario; seuil de rupture en pourcentage; besoin de marge de crédit; recommandation de terme et de congé de capital","F1;F2","F4;P2;P4","Q1;Q3","Oublier les investissements de maintien; omettre les retraits des actionnaires; utiliser le BAIIA non normalisé; calculer la couverture sur le bénéfice net; ignorer la saisonnalité en ne regardant que l'annuel"
F4,01-FINANCEMENT,analyse-risque,"Identifier, coter et atténuer les risques du dossier de façon structurée, et traduire chaque risque résiduel en condition de financement.","analyse de risque; risques; mitigants; cotation; matrice de risque; conditions; garanties","Analyse financière et capacité de remboursement complétées; profil des promoteurs et actionnariat; contexte sectoriel et concurrentiel; contrats et dépendances clés; couverture d'assurance","1. Balayer les 5 catégories: marché, opérationnel, financier, promoteur et gouvernance, conformité et environnement | 2. Coter chaque risque en probabilité et en impact | 3. Documenter le mitigant existant et son efficacité réelle | 4. Isoler le risque résiduel après mitigant | 5. Traduire chaque risque résiduel significatif en condition, garantie ou engagement de faire | 6. Nommer explicitement les risques non atténuables assumés par le prêteur","Matrice de risque cotée; risques résiduels; conditions de décaissement proposées; engagements de faire et de ne pas faire; garanties requises","F1;F3;D2","P3;P4;R2","Q1;Q3","Lister des risques sans mitigant ni conséquence; coter tous les risques comme moyens; confondre mitigant et voeu pieux; omettre le risque de dépendance au propriétaire ou à un client unique"
P1,02-FLI-FLS,admissibilite,"Trancher, avant toute analyse, si l'entreprise, le projet et les dépenses sont admissibles aux fonds visés et sur le territoire desservi.","admissibilité; est-ce admissible; territoire; secteur exclu; dépenses admissibles; éligibilité; peut-on financer","Description de l'entreprise et de son établissement; code SCIAN et description des activités; nature du projet et des dépenses; stade de développement; aides publiques déjà reçues ou demandées","1. Vérifier le territoire d'opération et le lieu de l'établissement visé | 2. Confirmer la forme juridique et l'immatriculation au registre des entreprises | 3. Valider le secteur d'activité contre la liste des secteurs exclus de la politique en vigueur | 4. Qualifier chaque dépense du projet: admissible, non admissible, admissible sous condition | 5. Vérifier le cumul des aides publiques et le plafond applicable | 6. Vérifier les exclusions de nature (refinancement de dette, dépenses engagées avant la demande, transfert entre parties liées) | 7. Rendre un verdict tranché: admissible, admissible sous réserve, non admissible avec motif","Verdict d'admissibilité motivé; dépenses admissibles retenues; réserves à lever; motifs de refus le cas échéant","","P2;P3;F2","Q3;Q4","Analyser un dossier avant de statuer sur l'admissibilité; présumer d'un plafond de cumul sans le vérifier; accepter des dépenses engagées avant le dépôt; oublier que le refinancement est généralement exclu"
P2,02-FLI-FLS,tarification,"Fixer le taux, le terme, l'amortissement et les frais du prêt en fonction du risque coté et de la grille en vigueur.","tarification; taux; prime de risque; terme; amortissement; congé de capital; frais d'ouverture; pricing","Cotation de risque de F4; ratio de couverture du service de la dette; garanties offertes et leur rang; grille de tarification en vigueur; taux de référence courant","1. Partir du taux de référence de la grille en vigueur pour le fonds visé | 2. Ajouter la prime de risque correspondant à la cote du dossier | 3. Ajuster selon le rang de sûreté et la qualité des garanties | 4. Fixer le terme et l'amortissement selon la durée de vie des actifs financés | 5. Déterminer le congé de capital requis par la courbe de trésorerie de F3 | 6. Appliquer les frais d'ouverture et d'analyse prévus | 7. Recalculer la couverture du service de la dette avec la tarification finale","Taux proposé et sa décomposition; terme et amortissement; congé de capital; frais; validation que la couverture demeure conforme","F3;F4;P1","P4;F2","Q1;Q3;Q4","Fixer le taux avant d'avoir coté le risque; amortir sur une durée supérieure à la vie utile de l'actif; accorder un congé de capital non justifié par les flux; oublier de revalider la couverture après tarification"
P3,02-FLI-FLS,conformite-politique,"Vérifier ligne par ligne que le montage projeté respecte la politique d'investissement en vigueur avant présentation au comité.","conformité; politique d'investissement; plafond; limite; ratio FLI FLS; délégation; est-ce conforme","Montage financier de F2; tarification de P2; politique d'investissement en vigueur; historique des engagements envers le même groupe d'entreprises","1. Vérifier le plafond par entreprise et par groupe lié pour chaque fonds | 2. Vérifier le respect du ratio de participation entre les fonds concernés | 3. Valider la mise de fonds minimale et sa forme | 4. Contrôler les limites de concentration sectorielle et par dossier du portefeuille | 5. Vérifier le niveau d'autorisation requis et la délégation applicable | 6. Contrôler les règles de garanties et de cautionnement exigées | 7. Documenter toute dérogation demandée et son justificatif","Grille de conformité point par point avec statut; dérogations demandées et motifs; niveau d'autorisation requis","F2;P1;P2","P4","Q3;Q4","Citer un plafond de mémoire au lieu de la politique en vigueur; oublier le cumul avec les engagements existants du même groupe; présumer d'une délégation d'autorisation; passer une dérogation sous silence"
P4,02-FLI-FLS,preparation-CIC,"Produire le dossier complet et défendable soumis au comité d'investissement commun, incluant la recommandation et ses conditions.","note CIC; préparation CIC; comité d'investissement; recommandation; dossier CIC; résolution; conditions de décaissement","Ensemble des livrables amont: F1 à F4, P1 à P3; pièces justificatives du dossier; profil des promoteurs; échéancier du projet","1. Rédiger la note selon la structure normalisée: entreprise, promoteurs, projet, montage, analyse financière, risques, recommandation | 2. Placer la recommandation et le montant en tête de note | 3. Rattacher chaque chiffre présenté à sa source dans le dossier | 4. Formuler les conditions préalables au décaissement de façon vérifiable et datable | 5. Rédiger les engagements de faire et de ne pas faire pendant la durée du prêt | 6. Préparer le projet de résolution et la liste des pièces manquantes | 7. Soumettre le dossier au préflight QA avant dépôt","Note d'investissement complète; conditions préalables au décaissement; engagements; projet de résolution; liste des pièces manquantes","F1;F2;F3;F4;P1;P2;P3","R2;R3;Q4","Q1;Q2;Q3;Q4","Conditions de décaissement formulées de façon invérifiable; recommandation noyée en fin de note; chiffres de la note qui divergent des annexes; pièces manquantes non déclarées"
E1,03-EVALUATION,normalisation-BAIIA,"Reconstituer le BAIIA réellement récurrent et transférable de l'entreprise, base de toute évaluation par les multiples.","normalisation; BAIIA; EBITDA normalisé; retraitement; bénéfice normalisé; rémunération du propriétaire","États financiers 3 à 5 exercices; grand livre des comptes de charges sensibles; contrats de location avec parties liées; détail de la rémunération des actionnaires; liste des éléments non récurrents","1. Partir du bénéfice avant impôts publié et remonter au BAIIA publié | 2. Normaliser la rémunération des actionnaires actifs au salaire de marché du poste | 3. Ramener les loyers avec parties liées à la valeur locative de marché | 4. Retirer les dépenses personnelles et non liées à l'exploitation | 5. Retirer les éléments non récurrents des deux côtés (gains et pertes) | 6. Corriger les changements de méthode comptable et les erreurs de coupure | 7. Pondérer les exercices selon leur représentativité et documenter chaque ajustement avec sa source","Tableau de normalisation ligne par ligne avec source; BAIIA normalisé par exercice; BAIIA normalisé retenu et sa justification","F1","E2;E3;E4","Q1;Q3","Normaliser à la hausse seulement; utiliser un salaire de marché non appuyé par une source; traiter un élément récurrent comme non récurrent; oublier l'effet fiscal des ajustements; pondérer sans justification"
E2,03-EVALUATION,multiples,"Établir la valeur par l'approche de marché en appliquant un multiple justifié au BAIIA normalisé, puis passer de la valeur d'entreprise à la valeur des actions.","multiples; approche de marché; valeur d'entreprise; comparables; multiple du BAIIA; décote; valeur des actions","BAIIA normalisé de E1; données sectorielles et transactions comparables; dette nette à la date d'évaluation; fonds de roulement normatif; actifs et passifs hors exploitation","1. Choisir la base de multiple appropriée (BAIIA, BAII, revenus) et justifier le choix | 2. Constituer l'échantillon de comparables et documenter chaque source | 3. Retenir une fourchette de multiples plutôt qu'un point | 4. Ajuster pour la taille, la liquidité, la dépendance au propriétaire et la concentration de la clientèle | 5. Calculer la valeur d'entreprise sur la fourchette | 6. Déduire la dette nette et ajuster l'écart de fonds de roulement par rapport au normatif | 7. Ajouter les actifs hors exploitation et conclure sur une fourchette de valeur des actions","Fourchette de multiples justifiée; valeur d'entreprise; passage à la valeur des actions détaillé; fourchette de valeur des actions","E1","E3;E4","Q1;Q3","Appliquer un multiple de grandes entreprises à une PME; oublier la décote de dépendance au propriétaire; confondre valeur d'entreprise et valeur des actions; ignorer l'écart de fonds de roulement; présenter un point au lieu d'une fourchette"
E3,03-EVALUATION,DCF,"Établir la valeur par l'actualisation des flux de trésorerie futurs et réconcilier ce résultat avec l'approche de marché.","DCF; actualisation; flux de trésorerie actualisés; WACC; taux d'actualisation; valeur terminale; valeur intrinsèque","Prévisionnel détaillé sur 3 à 5 ans avec hypothèses documentées; investissements de maintien et de croissance; structure de capital cible; taux sans risque et primes de marché courants","1. Construire le flux de trésorerie disponible par exercice de l'horizon explicite | 2. Documenter chaque hypothèse de croissance et de marge et la confronter à l'historique | 3. Établir le taux d'actualisation: taux sans risque, prime de marché, bêta, prime de taille, prime spécifique | 4. Calculer la valeur terminale par croissance perpétuelle et par multiple de sortie, et comparer les deux | 5. Actualiser les flux et la valeur terminale | 6. Mesurer le poids de la valeur terminale dans la valeur totale | 7. Produire l'analyse de sensibilité croisée taux et croissance, puis réconcilier avec E2","Valeur d'entreprise actualisée; décomposition du taux d'actualisation; table de sensibilité; poids de la valeur terminale; réconciliation avec l'approche de marché","E1;E2","E4","Q1;Q3","Valeur terminale qui représente une part démesurée de la valeur; croissance perpétuelle supérieure à la croissance de l'économie; prévisionnel en crosse de hockey non justifié; incohérence entre flux nominaux et taux réel; bêta emprunté sans ajustement de structure"
E4,03-EVALUATION,rapport-evaluation,"Produire le rapport d'évaluation avec sa portée, ses hypothèses limitatives et la réconciliation des approches menant à la fourchette retenue.","rapport d'évaluation; conclusion de valeur; portée; hypothèses limitatives; réconciliation; juste valeur marchande","Résultats de E1, E2 et E3; mandat et date d'évaluation; niveau de portée convenu; restrictions d'accès à l'information","1. Déclarer la date d'évaluation, la définition de valeur retenue et la portée du mandat | 2. Décrire l'entreprise et le contexte de l'évaluation | 3. Présenter les approches retenues et écartées avec motifs | 4. Réconcilier les résultats des approches et pondérer explicitement | 5. Conclure sur une fourchette et un point médian si requis | 6. Énoncer les hypothèses limitatives et les restrictions | 7. Annexer les tableaux de calcul et les sources","Rapport d'évaluation structuré; fourchette de valeur conclue; hypothèses limitatives; annexes de calcul","E1;E2;E3","R2;R3","Q1;Q2;Q3;Q4","Conclure sans déclarer la portée; pondérer les approches sans justification; présenter une valeur au dollar près; omettre les restrictions d'information; réutiliser une évaluation à une date différente sans mise à jour"
D1,04-DEVELOPPEMENT-ECONOMIQUE,programmes-subventions,"Cartographier les programmes et aides mobilisables pour un projet, vérifier le cumul et séquencer les dépôts.","subvention; programme; aide financière; cumul des aides; financement non dilutif; guichet; crédit d'impôt","Description du projet et de ses dépenses; taille et secteur de l'entreprise; localisation; échéancier du projet; aides déjà obtenues","1. Qualifier le projet par nature (investissement, innovation, main-d'oeuvre, exportation, transition, relève) | 2. Balayer les guichets par palier: fédéral, provincial, régional, local | 3. Vérifier les critères d'admissibilité et les dates limites de chaque programme | 4. Vérifier les règles de cumul des aides publiques et le plafond global | 5. Vérifier la règle de non-substitution avec le financement du fonds local | 6. Séquencer les dépôts selon les délais de traitement et l'antériorité des dépenses | 7. Documenter le statut de chaque demande et son degré de certitude","Cartographie des programmes applicables; plafond de cumul calculé; séquence de dépôt; statut et certitude de chaque aide","P1","F2;D2;R2","Q3;Q4","Inscrire une subvention non confirmée dans le montage; dépasser le plafond de cumul; engager des dépenses avant l'accusé de réception; ignorer une date limite; présumer de l'admissibilité sans lire les critères courants"
D2,04-DEVELOPPEMENT-ECONOMIQUE,analyse-sectorielle,"Situer l'entreprise dans son secteur: structure, chaîne de valeur, facteurs de succès et repères de performance.","analyse sectorielle; secteur; industrie; concurrence; chaîne de valeur; benchmark; tendances du marché","Code SCIAN et description des activités; clientèle et zone de marché; principaux concurrents; sources sectorielles disponibles","1. Délimiter le secteur et le marché pertinent (géographique et produit) | 2. Décrire la structure du secteur et sa concentration | 3. Cartographier la chaîne de valeur et la position de l'entreprise | 4. Identifier les facteurs clés de succès et les barrières à l'entrée | 5. Situer le secteur dans son cycle et nommer les vents porteurs et contraires | 6. Établir les repères de performance sectoriels utilisables pour F1 | 7. Traduire les constats en risques pour F4","Portrait du secteur; position concurrentielle; repères de performance; risques sectoriels transmis à F4","","F1;F4;D3;R2","Q3","Confondre le secteur et le marché pertinent; utiliser des repères nationaux pour une entreprise locale sans nuance; citer une tendance sans source ni date; ignorer la substitution hors secteur"
D3,04-DEVELOPPEMENT-ECONOMIQUE,intelligence-territoriale,"Produire la lecture stratégique du territoire: tissu économique, main-d'oeuvre, foncier, filières et retombées attendues.","territoire; MRC; profil territorial; main-d'oeuvre; parc industriel; filière; retombées économiques; diagnostic territorial","Données socio-économiques du territoire; inventaire du foncier industriel disponible; portrait de la main-d'oeuvre; portefeuille de projets en cours","1. Établir le profil socio-économique du territoire et sa trajectoire | 2. Cartographier les filières présentes et leurs interdépendances | 3. Analyser la disponibilité et l'adéquation de la main-d'oeuvre | 4. Inventorier le foncier et les infrastructures disponibles | 5. Identifier les maillons manquants et les occasions de démarchage | 6. Estimer les retombées attendues d'un projet (emplois, investissement, assiette fiscale) | 7. Prioriser les interventions selon l'effet de levier territorial","Profil territorial; carte des filières; contraintes de main-d'oeuvre et de foncier; occasions priorisées; retombées estimées","D2","D1;R2;R3","Q3;Q4","Présenter des données territoriales sans millésime; estimer des retombées sans méthode déclarée; additionner des emplois directs et indirects sans le préciser; extrapoler une tendance provinciale au territoire"
R1,05-PRODUCTION,ui-ux-pro-max,"Produire l'artefact visuel ou interactif du livrable en s'appuyant sur le moteur de design du dépôt et sur l'identité visuelle du DÉPS.","tableau de bord; calculateur; outil interactif; artefact HTML; visualisation; interface; graphique; mise en page","Contenu validé du livrable; type d'artefact visé; contraintes de diffusion (écran, PDF, impression); identité visuelle applicable","1. Interroger le moteur de design du dépôt pour le type de produit visé | 2. Générer ou récupérer le système de design (style, couleurs, typographie, effets) | 3. Appliquer l'identité visuelle institutionnelle par-dessus les jetons génériques | 4. Choisir les visualisations selon le message analytique et non selon l'esthétique | 5. Vérifier l'accessibilité: contraste, navigation clavier, tailles de cible | 6. Vérifier le rendu en impression et en mode sombre le cas échéant | 7. Livrer un artefact autonome sans dépendance réseau non maîtrisée","Artefact visuel autonome; système de design appliqué; contrôles d'accessibilité passés","P4;E4;R2","R3;Q4","Q2;Q4","Choisir un graphique pour son apparence plutôt que pour son message; texte sous le seuil de contraste; artefact dépendant d'une ressource externe; palette hors identité institutionnelle"
R2,05-PRODUCTION,rapport-executif,"Condenser une analyse complète en une page de décision: verdict d'abord, chiffres porteurs ensuite, développement après.","rapport exécutif; sommaire exécutif; une page; synthèse; note de synthèse; bottom line","Analyse complète validée; décision demandée; auditoire visé et son niveau de connaissance du dossier","1. Formuler le verdict en une phrase et le placer en première ligne | 2. Sélectionner les trois à cinq chiffres qui portent la décision | 3. Écrire le raisonnement en trois blocs maximum | 4. Nommer explicitement ce qui pourrait faire échouer la recommandation | 5. Terminer par la demande précise faite au lecteur | 6. Retirer tout contenu qui ne change pas la décision | 7. Vérifier que chaque chiffre du sommaire correspond au dossier complet","Sommaire exécutif d'une page; verdict; chiffres porteurs; demande explicite","F1;F3;F4;P4;E4;D3","R1;R3","Q1;Q2;Q3;Q4","Enterrer le verdict en conclusion; recopier le dossier au lieu de le condenser; chiffres du sommaire qui divergent du dossier; omettre la demande faite au lecteur"
R3,05-PRODUCTION,presentation-CA,"Monter le support de présentation destiné au conseil, au comité ou aux partenaires, calibré pour une décision en séance.","présentation; deck; diapositives; conseil d'administration; CA; support visuel; présenter au comité; partenaires","Livrable analytique validé; durée allouée en séance; composition de l'auditoire; décision recherchée","1. Établir le fil décisionnel: ce qui est demandé et pourquoi maintenant | 2. Une idée par diapositive et un titre qui énonce la conclusion | 3. Placer la recommandation dans les trois premières diapositives | 4. Convertir les tableaux denses en visuels lisibles à distance | 5. Prévoir les diapositives d'annexe pour les questions attendues | 6. Chronométrer le déroulé par rapport au temps alloué | 7. Vérifier la lisibilité en projection et en version imprimée","Support de présentation; déroulé chronométré; annexes de réponse aux questions attendues","P4;E4;R2;D3","R1;Q4","Q2;Q4","Titres descriptifs au lieu de titres-conclusions; tableaux illisibles en projection; recommandation en fin de deck; support plus long que le temps alloué"
Q1,06-QA,controle-calculs,"Recalculer indépendamment les chiffres porteurs et vérifier la cohérence arithmétique et inter-documents du livrable.","contrôle des calculs; vérification; recalcul; cohérence; les chiffres sont-ils bons; audit interne du livrable","Livrable à contrôler; fichiers de calcul sous-jacents; sources primaires des données d'entrée","1. Recalculer indépendamment chaque chiffre porteur sans reprendre la formule d'origine | 2. Vérifier que chaque total est la somme de ses composantes | 3. Vérifier que le tableau Sources et Emplois balance | 4. Vérifier la cohérence d'un même chiffre entre tous les documents du dossier | 5. Contrôler les unités, les milliers, les pourcentages et les périodes | 6. Vérifier les arrondis et l'absence de faux précis | 7. Consigner chaque écart trouvé et le faire corriger à la source","Registre des contrôles effectués; écarts détectés et leur résolution; statut de conformité arithmétique","F1;F2;F3;E1;E2;E3","Q4","","Refaire le calcul avec la même formule erronée; vérifier le livrable et non la source; laisser un écart mineur non expliqué; présenter des décimales que la donnée d'entrée ne supporte pas"
Q2,06-QA,nomenclature,"Faire respecter les conventions de nommage, de versionnage et de terminologie sur tous les livrables du dossier.","nomenclature; nommage; convention; terminologie; version; comment nommer le fichier; vocabulaire normalisé","Livrables du dossier; conventions de nommage en vigueur; lexique normalisé de l'organisation","1. Appliquer le patron de nommage de fichier retenu pour le type de livrable | 2. Vérifier la cohérence de la raison sociale exacte de l'entreprise partout | 3. Uniformiser les acronymes et les développer à leur première occurrence | 4. Vérifier le format des dates, des montants et des pourcentages | 5. Appliquer le versionnage et identifier clairement la version finale | 6. Vérifier les titres et les en-têtes des documents et des annexes | 7. Contrôler l'absence de mentions de travail résiduelles dans le livrable final","Livrables renommés conformément; lexique appliqué; version finale identifiée","P4;E4;R1;R2;R3","Q4","","Raison sociale approximative; acronyme jamais développé; deux formats de date dans le même document; fichier final indistinguable des brouillons; mention de travail oubliée dans la version remise"
Q3,06-QA,validation-sources,"Garantir que chaque chiffre et chaque affirmation du livrable est rattaché à une source identifiable, datée et de niveau connu.","validation des sources; traçabilité; d'où vient ce chiffre; sources; référencement; chiffre orphelin","Livrable à valider; pièces au dossier; correspondance avec le promoteur; sources externes citées","1. Extraire tous les chiffres et affirmations factuelles du livrable | 2. Rattacher chacun à sa pièce source avec sa date | 3. Qualifier le niveau de la source: audité, examiné, interne, déclaré, estimé | 4. Marquer tout chiffre sans source comme orphelin et le faire sourcer ou retirer | 5. Vérifier que les paramètres de politique utilisés proviennent du document en vigueur | 6. Signaler tout paramètre au statut non validé qui alimente un chiffre présenté | 7. Produire le registre des sources annexable au dossier","Registre des sources; chiffres orphelins signalés; paramètres non validés signalés; niveau de fiabilité déclaré","Tous","Q4","","Citer une source sans date; qualifier de vérifié un chiffre simplement déclaré par le promoteur; utiliser un paramètre de politique de mémoire; laisser un chiffre orphelin dans un livrable remis"
Q4,06-QA,preflight-final,"Barrière de sortie: aucun livrable ne quitte l'organisation sans avoir passé la totalité des contrôles applicables.","préflight; avant de remettre; vérification finale; prêt à envoyer; contrôle final; gate de sortie","Livrable final; résultats de Q1, Q2 et Q3; destinataire et usage prévu du livrable","1. Confirmer que les contrôles Q1, Q2 et Q3 sont passés et consignés | 2. Vérifier la présence des pièces annexes annoncées dans le texte | 3. Vérifier que le verdict ou la recommandation est explicite et en tête | 4. Vérifier que les conditions et les engagements sont formulés de façon vérifiable | 5. Vérifier la conformité aux politiques applicables et la trace des dérogations | 6. Vérifier le rendu final selon le canal de diffusion prévu | 7. Rendre un statut de sortie: prêt, prêt sous réserve, bloqué avec motifs","Statut de sortie; liste des blocages restants; registre de préflight archivable","Q1;Q2;Q3","","","Passer le préflight sur une version qui n'est pas la version remise; déclarer prêt avec des blocages ouverts; sauter le préflight par urgence; contrôler la forme sans contrôler le fond"
